{
    "flour": 779,
    "gold": 550,
    "dough_unlock_list": [
        true,
        true,
        false,
        false,
        false,
        false,
        false,
        false,
        false,
        false,
        false,
        false,
        false,
        false
    ],
    "dough_list": [
        {
            "id": 1,
            "level": 2,
            "exp": 91.58280944824219,
            "pos": {
                "x": -4.115212917327881,
                "y": -1.1096625328063965,
                "z": 148.99424743652345
            }
        }
    ]
}