{
    "flour": 1632,
    "gold": 2150,
    "dough_unlock_list": [
        true,
        true,
        true,
        true,
        false,
        false,
        false,
        false,
        false,
        false,
        false,
        false,
        false,
        false
    ],
    "dough_list": [
        {
            "id": 2,
            "level": 3,
            "exp": 100.01557159423828,
            "pos": {
                "x": -3.5020313262939455,
                "y": 0.723452091217041,
                "z": 119.3902359008789
            }
        },
        {
            "id": 2,
            "level": 3,
            "exp": 100.01285552978516,
            "pos": {
                "x": 1.8720026016235352,
                "y": -0.527136504650116,
                "z": 167.26210021972657
            }
        },
        {
            "id": 3,
            "level": 1,
            "exp": 18.82162857055664,
            "pos": {
                "x": 1.7924644947052003,
                "y": 0.26914650201797488,
                "z": 0.26914650201797488
            }
        },
        {
            "id": 3,
            "level": 1,
            "exp": 8.304279327392579,
            "pos": {
                "x": -2.0835328102111818,
                "y": -0.500510573387146,
                "z": -0.500510573387146
            }
        }
    ],
    "num_level": 2,
    "click_level": 2
}